日历日(YYYY-MM-DD),日历日(MMDD),日历年(YYYY),门店ID,系统净零售数量
2015/1/1,101,2015,A00021S112,1199
2015/1/2,102,2015,A00021S112,670
2015/1/3,103,2015,A00021S112,342
2015/1/4,104,2015,A00021S112,193
2015/1/5,105,2015,A00021S112,104
2015/1/6,106,2015,A00021S112,106
2015/1/7,107,2015,A00021S112,106
2015/1/8,108,2015,A00021S112,109
2015/1/9,109,2015,A00021S112,119
2015/1/10,110,2015,A00021S112,307
2015/1/11,111,2015,A00021S112,448
2015/1/12,112,2015,A00021S112,148
2015/1/13,113,2015,A00021S112,141
2015/1/14,114,2015,A00021S112,110
2015/1/15,115,2015,A00021S112,190
2015/1/16,116,2015,A00021S112,199
2015/1/17,117,2015,A00021S112,456
2015/1/18,118,2015,A00021S112,613
2015/1/19,119,2015,A00021S112,216
2015/1/20,120,2015,A00021S112,166
2015/1/21,121,2015,A00021S112,223
2015/1/22,122,2015,A00021S112,220
2015/1/23,123,2015,A00021S112,192
2015/1/24,124,2015,A00021S112,415
2015/1/25,125,2015,A00021S112,492
2015/1/26,126,2015,A00021S112,216
2015/1/27,127,2015,A00021S112,196
2015/1/28,128,2015,A00021S112,218
2015/1/29,129,2015,A00021S112,113
2015/1/30,130,2015,A00021S112,225
2015/1/31,131,2015,A00021S112,442
2015/2/1,201,2015,A00021S112,642
2015/2/2,202,2015,A00021S112,252
2015/2/3,203,2015,A00021S112,261
2015/2/4,204,2015,A00021S112,255
2015/2/5,205,2015,A00021S112,280
2015/2/6,206,2015,A00021S112,355
2015/2/7,207,2015,A00021S112,636
2015/2/8,208,2015,A00021S112,821
2015/2/9,209,2015,A00021S112,377
2015/2/10,210,2015,A00021S112,402
2015/2/11,211,2015,A00021S112,346
2015/2/12,212,2015,A00021S112,376
2015/2/13,213,2015,A00021S112,406
2015/2/14,214,2015,A00021S112,716
2015/2/15,215,2015,A00021S112,392
2015/2/16,216,2015,A00021S112,441
2015/2/17,217,2015,A00021S112,352
2015/2/18,218,2015,A00021S112,177
2015/2/19,219,2015,A00021S112,241
2015/2/20,220,2015,A00021S112,165
2015/2/21,221,2015,A00021S112,197
2015/2/22,222,2015,A00021S112,227
2015/2/23,223,2015,A00021S112,235
2015/2/24,224,2015,A00021S112,188
2015/2/25,225,2015,A00021S112,137
2015/2/26,226,2015,A00021S112,153
2015/2/27,227,2015,A00021S112,67
2015/2/28,228,2015,A00021S112,74
2015/3/1,301,2015,A00021S112,254
2015/3/2,302,2015,A00021S112,97
2015/3/3,303,2015,A00021S112,97
2015/3/4,304,2015,A00021S112,111
2015/3/5,305,2015,A00021S112,45
2015/3/6,306,2015,A00021S112,118
2015/3/7,307,2015,A00021S112,247
2015/3/8,308,2015,A00021S112,263
2015/3/9,309,2015,A00021S112,94
2015/3/10,310,2015,A00021S112,100
2015/3/11,311,2015,A00021S112,113
2015/3/12,312,2015,A00021S112,118
2015/3/13,313,2015,A00021S112,187
2015/3/14,314,2015,A00021S112,307
2015/3/15,315,2015,A00021S112,391
2015/3/16,316,2015,A00021S112,127
2015/3/17,317,2015,A00021S112,131
2015/3/18,318,2015,A00021S112,115
2015/3/19,319,2015,A00021S112,174
2015/3/20,320,2015,A00021S112,137
2015/3/21,321,2015,A00021S112,446
2015/3/22,322,2015,A00021S112,567
2015/3/23,323,2015,A00021S112,144
2015/3/24,324,2015,A00021S112,233
2015/3/25,325,2015,A00021S112,218
2015/3/26,326,2015,A00021S112,138
2015/3/27,327,2015,A00021S112,113
2015/3/28,328,2015,A00021S112,508
2015/3/29,329,2015,A00021S112,569
2015/3/30,330,2015,A00021S112,167
2015/3/31,331,2015,A00021S112,287
2015/4/1,401,2015,A00021S112,297
2015/4/2,402,2015,A00021S112,206
2015/4/3,403,2015,A00021S112,175
2015/4/4,404,2015,A00021S112,490
2015/4/5,405,2015,A00021S112,462
2015/4/6,406,2015,A00021S112,207
2015/4/7,407,2015,A00021S112,76
2015/4/8,408,2015,A00021S112,128
2015/4/9,409,2015,A00021S112,107
2015/4/10,410,2015,A00021S112,178
2015/4/11,411,2015,A00021S112,401
2015/4/12,412,2015,A00021S112,416
2015/4/13,413,2015,A00021S112,121
2015/4/14,414,2015,A00021S112,147
2015/4/15,415,2015,A00021S112,205
2015/4/16,416,2015,A00021S112,137
2015/4/17,417,2015,A00021S112,186
2015/4/18,418,2015,A00021S112,379
2015/4/19,419,2015,A00021S112,377
2015/4/20,420,2015,A00021S112,123
2015/4/21,421,2015,A00021S112,175
2015/4/22,422,2015,A00021S112,167
2015/4/23,423,2015,A00021S112,154
2015/4/24,424,2015,A00021S112,174
2015/4/25,425,2015,A00021S112,333
2015/4/26,426,2015,A00021S112,509
2015/4/27,427,2015,A00021S112,195
2015/4/28,428,2015,A00021S112,209
2015/4/29,429,2015,A00021S112,192
2015/4/30,430,2015,A00021S112,270
2015/5/1,501,2015,A00021S112,1163
2015/5/2,502,2015,A00021S112,405
2015/5/3,503,2015,A00021S112,555
2015/5/4,504,2015,A00021S112,150
2015/5/5,505,2015,A00021S112,168
2015/5/6,506,2015,A00021S112,158
2015/5/7,507,2015,A00021S112,232
2015/5/8,508,2015,A00021S112,125
2015/5/9,509,2015,A00021S112,321
2015/5/10,510,2015,A00021S112,442
2015/5/11,511,2015,A00021S112,68
2015/5/12,512,2015,A00021S112,143
2015/5/13,513,2015,A00021S112,153
2015/5/14,514,2015,A00021S112,156
2015/5/15,515,2015,A00021S112,85
2015/5/16,516,2015,A00021S112,406
2015/5/17,517,2015,A00021S112,420
2015/5/18,518,2015,A00021S112,101
2015/5/19,519,2015,A00021S112,160
2015/5/20,520,2015,A00021S112,198
2015/5/21,521,2015,A00021S112,174
2015/5/22,522,2015,A00021S112,184
2015/5/23,523,2015,A00021S112,299
2015/5/24,524,2015,A00021S112,322
2015/5/25,525,2015,A00021S112,159
2015/5/26,526,2015,A00021S112,125
2015/5/27,527,2015,A00021S112,97
2015/5/28,528,2015,A00021S112,118
2015/5/29,529,2015,A00021S112,129
2015/5/30,530,2015,A00021S112,238
2015/5/31,531,2015,A00021S112,333
2015/6/1,601,2015,A00021S112,141
2015/6/2,602,2015,A00021S112,60
2015/6/3,603,2015,A00021S112,119
2015/6/4,604,2015,A00021S112,95
2015/6/5,605,2015,A00021S112,146
2015/6/6,606,2015,A00021S112,297
2015/6/7,607,2015,A00021S112,324
2015/6/8,608,2015,A00021S112,88
2015/6/9,609,2015,A00021S112,154
2015/6/10,610,2015,A00021S112,144
2015/6/11,611,2015,A00021S112,149
2015/6/12,612,2015,A00021S112,199
2015/6/13,613,2015,A00021S112,319
2015/6/14,614,2015,A00021S112,426
2015/6/15,615,2015,A00021S112,83
2015/6/16,616,2015,A00021S112,65
2015/6/17,617,2015,A00021S112,98
2015/6/18,618,2015,A00021S112,172
2015/6/19,619,2015,A00021S112,205
2015/6/20,620,2015,A00021S112,572
2015/6/21,621,2015,A00021S112,335
2015/6/22,622,2015,A00021S112,199
2015/6/23,623,2015,A00021S112,155
2015/6/24,624,2015,A00021S112,232
2015/6/25,625,2015,A00021S112,137
2015/6/26,626,2015,A00021S112,103
2015/6/27,627,2015,A00021S112,152
2015/6/28,628,2015,A00021S112,145
2015/6/29,629,2015,A00021S112,97
2015/6/30,630,2015,A00021S112,140
2015/7/1,701,2015,A00021S112,188
2015/7/2,702,2015,A00021S112,157
2015/7/3,703,2015,A00021S112,173
2015/7/4,704,2015,A00021S112,302
2015/7/5,705,2015,A00021S112,393
2015/7/6,706,2015,A00021S112,123
2015/7/7,707,2015,A00021S112,191
2015/7/8,708,2015,A00021S112,127
2015/7/9,709,2015,A00021S112,160
2015/7/10,710,2015,A00021S112,202
2015/7/11,711,2015,A00021S112,101
2015/7/12,712,2015,A00021S112,435
2015/7/13,713,2015,A00021S112,219
2015/7/14,714,2015,A00021S112,193
2015/7/15,715,2015,A00021S112,261
2015/7/16,716,2015,A00021S112,257
2015/7/17,717,2015,A00021S112,238
2015/7/18,718,2015,A00021S112,404
2015/7/19,719,2015,A00021S112,699
2015/7/20,720,2015,A00021S112,237
2015/7/21,721,2015,A00021S112,229
2015/7/22,722,2015,A00021S112,194
2015/7/23,723,2015,A00021S112,157
2015/7/24,724,2015,A00021S112,158
2015/7/25,725,2015,A00021S112,332
2015/7/26,726,2015,A00021S112,368
2015/7/27,727,2015,A00021S112,146
2015/7/28,728,2015,A00021S112,129
2015/7/29,729,2015,A00021S112,164
2015/7/30,730,2015,A00021S112,180
2015/7/31,731,2015,A00021S112,142
2015/8/1,801,2015,A00021S112,272
2015/8/2,802,2015,A00021S112,263
2015/8/3,803,2015,A00021S112,130
2015/8/4,804,2015,A00021S112,136
2015/8/5,805,2015,A00021S112,148
2015/8/6,806,2015,A00021S112,118
2015/8/7,807,2015,A00021S112,179
2015/8/8,808,2015,A00021S112,267
2015/8/9,809,2015,A00021S112,376
2015/8/10,810,2015,A00021S112,110
2015/8/11,811,2015,A00021S112,191
2015/8/12,812,2015,A00021S112,203
2015/8/13,813,2015,A00021S112,179
2015/8/14,814,2015,A00021S112,205
2015/8/15,815,2015,A00021S112,319
2015/8/16,816,2015,A00021S112,403
2015/8/17,817,2015,A00021S112,164
2015/8/18,818,2015,A00021S112,198
2015/8/19,819,2015,A00021S112,178
2015/8/20,820,2015,A00021S112,173
2015/8/21,821,2015,A00021S112,196
2015/8/22,822,2015,A00021S112,283
2015/8/23,823,2015,A00021S112,501
2015/8/24,824,2015,A00021S112,164
2015/8/25,825,2015,A00021S112,286
2015/8/26,826,2015,A00021S112,203
2015/8/27,827,2015,A00021S112,226
2015/8/28,828,2015,A00021S112,235
2015/8/29,829,2015,A00021S112,326
2015/8/30,830,2015,A00021S112,412
2015/8/31,831,2015,A00021S112,146
2015/9/1,901,2015,A00021S112,166
2015/9/2,902,2015,A00021S112,203
2015/9/3,903,2015,A00021S112,744
2015/9/4,904,2015,A00021S112,593
2015/9/5,905,2015,A00021S112,365
2015/9/6,906,2015,A00021S112,247
2015/9/7,907,2015,A00021S112,195
2015/9/8,908,2015,A00021S112,157
2015/9/9,909,2015,A00021S112,162
2015/9/10,910,2015,A00021S112,200
2015/9/11,911,2015,A00021S112,195
2015/9/12,912,2015,A00021S112,485
2015/9/13,913,2015,A00021S112,781
2015/9/14,914,2015,A00021S112,185
2015/9/15,915,2015,A00021S112,208
2015/9/16,916,2015,A00021S112,261
2015/9/17,917,2015,A00021S112,261
2015/9/18,918,2015,A00021S112,312
2015/9/19,919,2015,A00021S112,672
2015/9/20,920,2015,A00021S112,708
2015/9/21,921,2015,A00021S112,266
2015/9/22,922,2015,A00021S112,170
2015/9/23,923,2015,A00021S112,117
2015/9/24,924,2015,A00021S112,219
2015/9/25,925,2015,A00021S112,216
2015/9/26,926,2015,A00021S112,592
2015/9/27,927,2015,A00021S112,719
2015/9/28,928,2015,A00021S112,171
2015/9/29,929,2015,A00021S112,101
2015/9/30,930,2015,A00021S112,275
2015/10/1,1001,2015,A00021S112,787
2015/10/2,1002,2015,A00021S112,791
2015/10/3,1003,2015,A00021S112,672
2015/10/4,1004,2015,A00021S112,368
2015/10/5,1005,2015,A00021S112,445
2015/10/6,1006,2015,A00021S112,408
2015/10/7,1007,2015,A00021S112,275
2015/10/8,1008,2015,A00021S112,158
2015/10/9,1009,2015,A00021S112,168
2015/10/10,1010,2015,A00021S112,285
2015/10/11,1011,2015,A00021S112,801
2015/10/12,1012,2015,A00021S112,232
2015/10/13,1013,2015,A00021S112,178
2015/10/14,1014,2015,A00021S112,153
2015/10/15,1015,2015,A00021S112,174
2015/10/16,1016,2015,A00021S112,195
2015/10/17,1017,2015,A00021S112,370
2015/10/18,1018,2015,A00021S112,462
2015/10/19,1019,2015,A00021S112,190
2015/10/20,1020,2015,A00021S112,138
2015/10/21,1021,2015,A00021S112,174
2015/10/22,1022,2015,A00021S112,179
2015/10/23,1023,2015,A00021S112,217
2015/10/24,1024,2015,A00021S112,420
2015/10/25,1025,2015,A00021S112,440
2015/10/26,1026,2015,A00021S112,199
2015/10/27,1027,2015,A00021S112,189
2015/10/28,1028,2015,A00021S112,185
2015/10/29,1029,2015,A00021S112,125
2015/10/30,1030,2015,A00021S112,246
2015/10/31,1031,2015,A00021S112,494
2015/11/1,1101,2015,A00021S112,548
2015/11/2,1102,2015,A00021S112,199
2015/11/3,1103,2015,A00021S112,179
2015/11/4,1104,2015,A00021S112,111
2015/11/5,1105,2015,A00021S112,142
2015/11/6,1106,2015,A00021S112,185
2015/11/7,1107,2015,A00021S112,339
2015/11/8,1108,2015,A00021S112,466
2015/11/9,1109,2015,A00021S112,180
2015/11/10,1110,2015,A00021S112,189
2015/11/11,1111,2015,A00021S112,253
2015/11/12,1112,2015,A00021S112,78
2015/11/13,1113,2015,A00021S112,147
2015/11/14,1114,2015,A00021S112,330
2015/11/15,1115,2015,A00021S112,428
2015/11/16,1116,2015,A00021S112,154
2015/11/17,1117,2015,A00021S112,127
2015/11/18,1118,2015,A00021S112,168
2015/11/19,1119,2015,A00021S112,135
2015/11/20,1120,2015,A00021S112,242
2015/11/21,1121,2015,A00021S112,322
2015/11/22,1122,2015,A00021S112,530
2015/11/23,1123,2015,A00021S112,188
2015/11/24,1124,2015,A00021S112,200
2015/11/25,1125,2015,A00021S112,224
2015/11/26,1126,2015,A00021S112,240
2015/11/27,1127,2015,A00021S112,262
2015/11/28,1128,2015,A00021S112,475
2015/11/29,1129,2015,A00021S112,507
2015/11/30,1130,2015,A00021S112,233
2015/12/1,1201,2015,A00021S112,170
2015/12/2,1202,2015,A00021S112,136
2015/12/3,1203,2015,A00021S112,127
2015/12/4,1204,2015,A00021S112,194
2015/12/5,1205,2015,A00021S112,311
2015/12/6,1206,2015,A00021S112,533
2015/12/7,1207,2015,A00021S112,178
2015/12/8,1208,2015,A00021S112,133
2015/12/9,1209,2015,A00021S112,83
2015/12/10,1210,2015,A00021S112,61
2015/12/11,1211,2015,A00021S112,261
2015/12/12,1212,2015,A00021S112,667
2015/12/13,1213,2015,A00021S112,439
2015/12/14,1214,2015,A00021S112,243
2015/12/15,1215,2015,A00021S112,167
2015/12/16,1216,2015,A00021S112,226
2015/12/17,1217,2015,A00021S112,203
2015/12/18,1218,2015,A00021S112,198
2015/12/19,1219,2015,A00021S112,533
2015/12/20,1220,2015,A00021S112,426
2015/12/21,1221,2015,A00021S112,229
2015/12/22,1222,2015,A00021S112,217
2015/12/23,1223,2015,A00021S112,188
2015/12/24,1224,2015,A00021S112,159
2015/12/25,1225,2015,A00021S112,365
2015/12/26,1226,2015,A00021S112,444
2015/12/27,1227,2015,A00021S112,562
2015/12/28,1228,2015,A00021S112,199
2015/12/29,1229,2015,A00021S112,157
2015/12/30,1230,2015,A00021S112,250
2015/12/31,1231,2015,A00021S112,432
2016/1/1,101,2016,A00021S112,1300
2016/1/2,102,2016,A00021S112,851
2016/1/3,103,2016,A00021S112,499
2016/1/4,104,2016,A00021S112,135
2016/1/5,105,2016,A00021S112,177
2016/1/6,106,2016,A00021S112,154
2016/1/7,107,2016,A00021S112,172
2016/1/8,108,2016,A00021S112,222
2016/1/9,109,2016,A00021S112,445
2016/1/10,110,2016,A00021S112,531
2016/1/11,111,2016,A00021S112,146
2016/1/12,112,2016,A00021S112,180
2016/1/13,113,2016,A00021S112,183
2016/1/14,114,2016,A00021S112,238
2016/1/15,115,2016,A00021S112,260
2016/1/16,116,2016,A00021S112,642
2016/1/17,117,2016,A00021S112,674
2016/1/18,118,2016,A00021S112,265
2016/1/19,119,2016,A00021S112,278
2016/1/20,120,2016,A00021S112,267
2016/1/21,121,2016,A00021S112,232
2016/1/22,122,2016,A00021S112,226
2016/1/23,123,2016,A00021S112,512
2016/1/24,124,2016,A00021S112,536
2016/1/25,125,2016,A00021S112,337
2016/1/26,126,2016,A00021S112,310
2016/1/27,127,2016,A00021S112,257
2016/1/28,128,2016,A00021S112,246
2016/1/29,129,2016,A00021S112,287
2016/1/30,130,2016,A00021S112,706
2016/1/31,131,2016,A00021S112,812
2016/2/1,201,2016,A00021S112,486
2016/2/2,202,2016,A00021S112,386
2016/2/3,203,2016,A00021S112,475
2016/2/4,204,2016,A00021S112,481
2016/2/5,205,2016,A00021S112,477
2016/2/6,206,2016,A00021S112,402
2016/2/7,207,2016,A00021S112,184
2016/2/8,208,2016,A00021S112,233
2016/2/9,209,2016,A00021S112,260
2016/2/10,210,2016,A00021S112,344
2016/2/11,211,2016,A00021S112,245
2016/2/12,212,2016,A00021S112,246
2016/2/13,213,2016,A00021S112,165
2016/2/14,214,2016,A00021S112,219
2016/2/15,215,2016,A00021S112,150
2016/2/16,216,2016,A00021S112,121
2016/2/17,217,2016,A00021S112,135
2016/2/18,218,2016,A00021S112,120
2016/2/19,219,2016,A00021S112,101
2016/2/20,220,2016,A00021S112,241
2016/2/21,221,2016,A00021S112,256
2016/2/22,222,2016,A00021S112,132
2016/2/23,223,2016,A00021S112,126
2016/2/24,224,2016,A00021S112,107
2016/2/25,225,2016,A00021S112,52
2016/2/26,226,2016,A00021S112,166
2016/2/27,227,2016,A00021S112,354
2016/2/28,228,2016,A00021S112,365
2016/2/29,229,2016,A00021S112,139
2016/3/1,301,2016,A00021S112,114
2016/3/2,302,2016,A00021S112,143
2016/3/3,303,2016,A00021S112,133
2016/3/4,304,2016,A00021S112,272
2016/3/5,305,2016,A00021S112,612
2016/3/6,306,2016,A00021S112,562
2016/3/7,307,2016,A00021S112,179
2016/3/8,308,2016,A00021S112,99
2016/3/9,309,2016,A00021S112,106
2016/3/10,310,2016,A00021S112,95
2016/3/11,311,2016,A00021S112,165
2016/3/12,312,2016,A00021S112,363
2016/3/13,313,2016,A00021S112,300
2016/3/14,314,2016,A00021S112,140
2016/3/15,315,2016,A00021S112,102
2016/3/16,316,2016,A00021S112,165
2016/3/17,317,2016,A00021S112,156
2016/3/18,318,2016,A00021S112,196
2016/3/19,319,2016,A00021S112,482
2016/3/20,320,2016,A00021S112,524
2016/3/21,321,2016,A00021S112,200
2016/3/22,322,2016,A00021S112,174
2016/3/23,323,2016,A00021S112,166
2016/3/24,324,2016,A00021S112,159
2016/3/25,325,2016,A00021S112,241
2016/3/26,326,2016,A00021S112,439
2016/3/27,327,2016,A00021S112,567
2016/3/28,328,2016,A00021S112,198
2016/3/29,329,2016,A00021S112,164
2016/3/30,330,2016,A00021S112,177
2016/3/31,331,2016,A00021S112,162
2016/4/1,401,2016,A00021S112,198
2016/4/2,402,2016,A00021S112,294
2016/4/3,403,2016,A00021S112,495
2016/4/4,404,2016,A00021S112,697
2016/4/5,405,2016,A00021S112,254
2016/4/6,406,2016,A00021S112,128
2016/4/7,407,2016,A00021S112,159
2016/4/8,408,2016,A00021S112,232
2016/4/9,409,2016,A00021S112,525
2016/4/10,410,2016,A00021S112,602
2016/4/11,411,2016,A00021S112,205
2016/4/12,412,2016,A00021S112,180
2016/4/13,413,2016,A00021S112,219
2016/4/14,414,2016,A00021S112,240
2016/4/15,415,2016,A00021S112,281
2016/4/16,416,2016,A00021S112,284
2016/4/17,417,2016,A00021S112,653
2016/4/18,418,2016,A00021S112,205
2016/4/19,419,2016,A00021S112,196
2016/4/20,420,2016,A00021S112,127
2016/4/21,421,2016,A00021S112,221
2016/4/22,422,2016,A00021S112,254
2016/4/23,423,2016,A00021S112,137
2016/4/24,424,2016,A00021S112,508
2016/4/25,425,2016,A00021S112,159
2016/4/26,426,2016,A00021S112,161
2016/4/27,427,2016,A00021S112,200
2016/4/28,428,2016,A00021S112,233
2016/4/29,429,2016,A00021S112,320
2016/4/30,430,2016,A00021S112,964
2016/5/1,501,2016,A00021S112,1255
2016/5/2,502,2016,A00021S112,592
2016/5/3,503,2016,A00021S112,330
2016/5/4,504,2016,A00021S112,294
2016/5/5,505,2016,A00021S112,155
2016/5/6,506,2016,A00021S112,321
2016/5/7,507,2016,A00021S112,286
2016/5/8,508,2016,A00021S112,350
2016/5/9,509,2016,A00021S112,93
2016/5/10,510,2016,A00021S112,180
2016/5/11,511,2016,A00021S112,202
2016/5/12,512,2016,A00021S112,206
2016/5/13,513,2016,A00021S112,205
2016/5/14,514,2016,A00021S112,533
2016/5/15,515,2016,A00021S112,295
2016/5/16,516,2016,A00021S112,218
2016/5/17,517,2016,A00021S112,208
2016/5/18,518,2016,A00021S112,181
2016/5/19,519,2016,A00021S112,177
2016/5/20,520,2016,A00021S112,123
2016/5/21,521,2016,A00021S112,171
2016/5/22,522,2016,A00021S112,432
2016/5/23,523,2016,A00021S112,175
2016/5/24,524,2016,A00021S112,190
2016/5/25,525,2016,A00021S112,154
2016/5/26,526,2016,A00021S112,168
2016/5/27,527,2016,A00021S112,267
2016/5/28,528,2016,A00021S112,230
2016/5/29,529,2016,A00021S112,704
2016/5/30,530,2016,A00021S112,305
2016/5/31,531,2016,A00021S112,147
2016/6/1,601,2016,A00021S112,183
2016/6/2,602,2016,A00021S112,181
2016/6/3,603,2016,A00021S112,154
2016/6/4,604,2016,A00021S112,505
2016/6/5,605,2016,A00021S112,665
2016/6/6,606,2016,A00021S112,179
2016/6/7,607,2016,A00021S112,258
2016/6/8,608,2016,A00021S112,224
2016/6/9,609,2016,A00021S112,942
2016/6/10,610,2016,A00021S112,694
2016/6/11,611,2016,A00021S112,486
2016/6/12,612,2016,A00021S112,134
2016/6/13,613,2016,A00021S112,344
2016/6/14,614,2016,A00021S112,306
2016/6/15,615,2016,A00021S112,277
2016/6/16,616,2016,A00021S112,404
2016/6/17,617,2016,A00021S112,310
2016/6/18,618,2016,A00021S112,645
2016/6/19,619,2016,A00021S112,690
2016/6/20,620,2016,A00021S112,185
2016/6/21,621,2016,A00021S112,307
2016/6/22,622,2016,A00021S112,283
2016/6/23,623,2016,A00021S112,237
2016/6/24,624,2016,A00021S112,279
2016/6/25,625,2016,A00021S112,288
2016/6/26,626,2016,A00021S112,563
2016/6/27,627,2016,A00021S112,130
2016/6/28,628,2016,A00021S112,206
2016/6/29,629,2016,A00021S112,305
2016/6/30,630,2016,A00021S112,297
2016/7/1,701,2016,A00021S112,253
2016/7/2,702,2016,A00021S112,317
2016/7/3,703,2016,A00021S112,463
2016/7/4,704,2016,A00021S112,295
2016/7/5,705,2016,A00021S112,154
2016/7/6,706,2016,A00021S112,239
2016/7/7,707,2016,A00021S112,215
2016/7/8,708,2016,A00021S112,281
2016/7/9,709,2016,A00021S112,411
2016/7/10,710,2016,A00021S112,497
2016/7/11,711,2016,A00021S112,226
2016/7/12,712,2016,A00021S112,297
2016/7/13,713,2016,A00021S112,236
2016/7/14,714,2016,A00021S112,175
2016/7/15,715,2016,A00021S112,215
2016/7/16,716,2016,A00021S112,411
2016/7/17,717,2016,A00021S112,529
2016/7/18,718,2016,A00021S112,211
2016/7/19,719,2016,A00021S112,257
2016/7/20,720,2016,A00021S112,225
2016/7/21,721,2016,A00021S112,204
2016/7/22,722,2016,A00021S112,182
2016/7/23,723,2016,A00021S112,353
2016/7/24,724,2016,A00021S112,388
2016/7/25,725,2016,A00021S112,212
2016/7/26,726,2016,A00021S112,225
2016/7/27,727,2016,A00021S112,206
2016/7/28,728,2016,A00021S112,226
2016/7/29,729,2016,A00021S112,240
2016/7/30,730,2016,A00021S112,367
2016/7/31,731,2016,A00021S112,469
2016/8/1,801,2016,A00021S112,242
2016/8/2,802,2016,A00021S112,171
2016/8/3,803,2016,A00021S112,221
2016/8/4,804,2016,A00021S112,227
2016/8/5,805,2016,A00021S112,252
2016/8/6,806,2016,A00021S112,435
2016/8/7,807,2016,A00021S112,452
2016/8/8,808,2016,A00021S112,230
2016/8/9,809,2016,A00021S112,345
2016/8/10,810,2016,A00021S112,169
2016/8/11,811,2016,A00021S112,176
2016/8/12,812,2016,A00021S112,247
2016/8/13,813,2016,A00021S112,382
2016/8/14,814,2016,A00021S112,446
2016/8/15,815,2016,A00021S112,198
2016/8/16,816,2016,A00021S112,166
2016/8/17,817,2016,A00021S112,197
2016/8/18,818,2016,A00021S112,207
2016/8/19,819,2016,A00021S112,287
2016/8/20,820,2016,A00021S112,399
2016/8/21,821,2016,A00021S112,441
2016/8/22,822,2016,A00021S112,226
2016/8/23,823,2016,A00021S112,313
2016/8/24,824,2016,A00021S112,198
2016/8/25,825,2016,A00021S112,218
2016/8/26,826,2016,A00021S112,177
2016/8/27,827,2016,A00021S112,363
2016/8/28,828,2016,A00021S112,554
2016/8/29,829,2016,A00021S112,233
2016/8/30,830,2016,A00021S112,213
2016/8/31,831,2016,A00021S112,166
2016/9/1,901,2016,A00021S112,157
2016/9/2,902,2016,A00021S112,210
2016/9/3,903,2016,A00021S112,361
2016/9/4,904,2016,A00021S112,451
2016/9/5,905,2016,A00021S112,148
2016/9/6,906,2016,A00021S112,157
2016/9/7,907,2016,A00021S112,139
2016/9/8,908,2016,A00021S112,186
2016/9/9,909,2016,A00021S112,225
2016/9/10,910,2016,A00021S112,391
2016/9/11,911,2016,A00021S112,305
2016/9/12,912,2016,A00021S112,188
2016/9/13,913,2016,A00021S112,148
2016/9/14,914,2016,A00021S112,170
2016/9/15,915,2016,A00021S112,571
2016/9/16,916,2016,A00021S112,453
2016/9/17,917,2016,A00021S112,384
2016/9/18,918,2016,A00021S112,244
2016/9/19,919,2016,A00021S112,178
2016/9/20,920,2016,A00021S112,151
2016/9/21,921,2016,A00021S112,142
2016/9/22,922,2016,A00021S112,169
2016/9/23,923,2016,A00021S112,248
2016/9/24,924,2016,A00021S112,343
2016/9/25,925,2016,A00021S112,463
2016/9/26,926,2016,A00021S112,113
2016/9/27,927,2016,A00021S112,118
2016/9/28,928,2016,A00021S112,144
2016/9/29,929,2016,A00021S112,158
2016/9/30,930,2016,A00021S112,204
2016/10/1,1001,2016,A00021S112,783
2016/10/2,1002,2016,A00021S112,616
2016/10/3,1003,2016,A00021S112,683
2016/10/4,1004,2016,A00021S112,426
2016/10/5,1005,2016,A00021S112,347
2016/10/6,1006,2016,A00021S112,325
2016/10/7,1007,2016,A00021S112,342
2016/10/8,1008,2016,A00021S112,130
2016/10/9,1009,2016,A00021S112,261
2016/10/10,1010,2016,A00021S112,175
2016/10/11,1011,2016,A00021S112,169
2016/10/12,1012,2016,A00021S112,167
2016/10/13,1013,2016,A00021S112,129
2016/10/14,1014,2016,A00021S112,233
2016/10/15,1015,2016,A00021S112,398
2016/10/16,1016,2016,A00021S112,510
2016/10/17,1017,2016,A00021S112,178
2016/10/18,1018,2016,A00021S112,141
2016/10/19,1019,2016,A00021S112,98
2016/10/20,1020,2016,A00021S112,73
2016/10/21,1021,2016,A00021S112,122
2016/10/22,1022,2016,A00021S112,218
2016/10/23,1023,2016,A00021S112,410
2016/10/24,1024,2016,A00021S112,161
2016/10/25,1025,2016,A00021S112,185
2016/10/26,1026,2016,A00021S112,65
2016/10/27,1027,2016,A00021S112,105
2016/10/28,1028,2016,A00021S112,297
2016/10/29,1029,2016,A00021S112,426
2016/10/30,1030,2016,A00021S112,518
2016/10/31,1031,2016,A00021S112,151
2016/11/1,1101,2016,A00021S112,167
2016/11/2,1102,2016,A00021S112,164
2016/11/3,1103,2016,A00021S112,182
2016/11/4,1104,2016,A00021S112,199
2016/11/5,1105,2016,A00021S112,410
2016/11/6,1106,2016,A00021S112,394
2016/11/7,1107,2016,A00021S112,95
2016/11/8,1108,2016,A00021S112,217
2016/11/9,1109,2016,A00021S112,175
2016/11/10,1110,2016,A00021S112,148
2016/11/11,1111,2016,A00021S112,332
2016/11/12,1112,2016,A00021S112,342
2016/11/13,1113,2016,A00021S112,371
2016/11/14,1114,2016,A00021S112,138
2016/11/15,1115,2016,A00021S112,157
2016/11/16,1116,2016,A00021S112,119
2016/11/17,1117,2016,A00021S112,94
2016/11/18,1118,2016,A00021S112,109
2016/11/19,1119,2016,A00021S112,255
2016/11/20,1120,2016,A00021S112,238
2016/11/21,1121,2016,A00021S112,166
2016/11/22,1122,2016,A00021S112,121
2016/11/23,1123,2016,A00021S112,109
2016/11/24,1124,2016,A00021S112,159
2016/11/25,1125,2016,A00021S112,184
2016/11/26,1126,2016,A00021S112,263
2016/11/27,1127,2016,A00021S112,448
2016/11/28,1128,2016,A00021S112,154
2016/11/29,1129,2016,A00021S112,109
2016/11/30,1130,2016,A00021S112,117
2016/12/1,1201,2016,A00021S112,131
2016/12/2,1202,2016,A00021S112,169
2016/12/3,1203,2016,A00021S112,274
2016/12/4,1204,2016,A00021S112,348
2016/12/5,1205,2016,A00021S112,117
2016/12/6,1206,2016,A00021S112,106
2016/12/7,1207,2016,A00021S112,84
2016/12/8,1208,2016,A00021S112,135
2016/12/9,1209,2016,A00021S112,127
2016/12/10,1210,2016,A00021S112,338
2016/12/11,1211,2016,A00021S112,390
2016/12/12,1212,2016,A00021S112,158
2016/12/13,1213,2016,A00021S112,77
2016/12/14,1214,2016,A00021S112,130
2016/12/15,1215,2016,A00021S112,142
2016/12/16,1216,2016,A00021S112,130
2016/12/17,1217,2016,A00021S112,292
2016/12/18,1218,2016,A00021S112,364
2016/12/19,1219,2016,A00021S112,144
2016/12/20,1220,2016,A00021S112,114
2016/12/21,1221,2016,A00021S112,133
2016/12/22,1222,2016,A00021S112,100
2016/12/23,1223,2016,A00021S112,145
2016/12/24,1224,2016,A00021S112,402
2016/12/25,1225,2016,A00021S112,262
2016/12/26,1226,2016,A00021S112,124
2016/12/27,1227,2016,A00021S112,174
2016/12/28,1228,2016,A00021S112,172
2016/12/29,1229,2016,A00021S112,155
2016/12/30,1230,2016,A00021S112,201
2016/12/31,1231,2016,A00021S112,573
2017/1/1,101,2017,A00021S112,1673
2017/1/2,102,2017,A00021S112,754
2017/1/3,103,2017,A00021S112,134
2017/1/4,104,2017,A00021S112,145
2017/1/5,105,2017,A00021S112,57
2017/1/6,106,2017,A00021S112,94
2017/1/7,107,2017,A00021S112,157
2017/1/8,108,2017,A00021S112,342
2017/1/9,109,2017,A00021S112,183
2017/1/10,110,2017,A00021S112,235
2017/1/11,111,2017,A00021S112,228
2017/1/12,112,2017,A00021S112,269
2017/1/13,113,2017,A00021S112,345
2017/1/14,114,2017,A00021S112,486
2017/1/15,115,2017,A00021S112,648
2017/1/16,116,2017,A00021S112,440
2017/1/17,117,2017,A00021S112,261
2017/1/18,118,2017,A00021S112,361
2017/1/19,119,2017,A00021S112,292
2017/1/20,120,2017,A00021S112,404
2017/1/21,121,2017,A00021S112,860
2017/1/22,122,2017,A00021S112,479
2017/1/23,123,2017,A00021S112,344
2017/1/24,124,2017,A00021S112,331
2017/1/25,125,2017,A00021S112,408
2017/1/26,126,2017,A00021S112,348
2017/1/27,127,2017,A00021S112,153
2017/1/28,128,2017,A00021S112,216
2017/1/29,129,2017,A00021S112,179
2017/1/30,130,2017,A00021S112,189
2017/1/31,131,2017,A00021S112,167
2017/2/1,201,2017,A00021S112,189
2017/2/2,202,2017,A00021S112,198
2017/2/3,203,2017,A00021S112,100
2017/2/4,204,2017,A00021S112,127
2017/2/5,205,2017,A00021S112,168
2017/2/6,206,2017,A00021S112,129
2017/2/7,207,2017,A00021S112,100
2017/2/8,208,2017,A00021S112,69
2017/2/9,209,2017,A00021S112,96
2017/2/10,210,2017,A00021S112,82
2017/2/11,211,2017,A00021S112,200
2017/2/12,212,2017,A00021S112,233
2017/2/13,213,2017,A00021S112,139
2017/2/14,214,2017,A00021S112,180
2017/2/15,215,2017,A00021S112,117
2017/2/16,216,2017,A00021S112,133
2017/2/17,217,2017,A00021S112,141
2017/2/18,218,2017,A00021S112,278
2017/2/19,219,2017,A00021S112,359
2017/2/20,220,2017,A00021S112,84
2017/2/21,221,2017,A00021S112,88
2017/2/22,222,2017,A00021S112,63
2017/2/23,223,2017,A00021S112,78
2017/2/24,224,2017,A00021S112,131
2017/2/25,225,2017,A00021S112,255
2017/2/26,226,2017,A00021S112,312
2017/2/27,227,2017,A00021S112,128
2017/2/28,228,2017,A00021S112,150
2017/3/1,301,2017,A00021S112,117
2017/3/2,302,2017,A00021S112,143
2017/3/3,303,2017,A00021S112,143
2017/3/4,304,2017,A00021S112,351
2017/3/5,305,2017,A00021S112,346
2017/3/6,306,2017,A00021S112,124
2017/3/7,307,2017,A00021S112,122
2017/3/8,308,2017,A00021S112,300
2017/3/9,309,2017,A00021S112,127
2017/3/10,310,2017,A00021S112,165
2017/3/11,311,2017,A00021S112,333
2017/3/12,312,2017,A00021S112,266
2017/3/13,313,2017,A00021S112,79
2017/3/14,314,2017,A00021S112,135
2017/3/15,315,2017,A00021S112,179
2017/3/16,316,2017,A00021S112,176
2017/3/17,317,2017,A00021S112,201
2017/3/18,318,2017,A00021S112,317
2017/3/19,319,2017,A00021S112,307
2017/3/20,320,2017,A00021S112,148
2017/3/21,321,2017,A00021S112,181
2017/3/22,322,2017,A00021S112,96
2017/3/23,323,2017,A00021S112,95
2017/3/24,324,2017,A00021S112,127
2017/3/25,325,2017,A00021S112,394
2017/3/26,326,2017,A00021S112,607
2017/3/27,327,2017,A00021S112,226
2017/3/28,328,2017,A00021S112,205
2017/3/29,329,2017,A00021S112,152
2017/3/30,330,2017,A00021S112,82
2017/3/31,331,2017,A00021S112,187
2017/4/1,401,2017,A00021S112,307
2017/4/2,402,2017,A00021S112,635
2017/4/3,403,2017,A00021S112,630
2017/4/4,404,2017,A00021S112,513
2017/4/5,405,2017,A00021S112,157
2017/4/6,406,2017,A00021S112,129
2017/4/7,407,2017,A00021S112,137
2017/4/8,408,2017,A00021S112,333
2017/4/9,409,2017,A00021S112,286
2017/4/10,410,2017,A00021S112,90
2017/4/11,411,2017,A00021S112,129
2017/4/12,412,2017,A00021S112,166
2017/4/13,413,2017,A00021S112,176
2017/4/14,414,2017,A00021S112,212
2017/4/15,415,2017,A00021S112,532
2017/4/16,416,2017,A00021S112,617
2017/4/17,417,2017,A00021S112,241
2017/4/18,418,2017,A00021S112,266
2017/4/19,419,2017,A00021S112,212
2017/4/20,420,2017,A00021S112,177
2017/4/21,421,2017,A00021S112,209
2017/4/22,422,2017,A00021S112,468
2017/4/23,423,2017,A00021S112,533
2017/4/24,424,2017,A00021S112,298
2017/4/25,425,2017,A00021S112,163
2017/4/26,426,2017,A00021S112,143
2017/4/27,427,2017,A00021S112,161
2017/4/28,428,2017,A00021S112,294
2017/4/29,429,2017,A00021S112,617
2017/4/30,430,2017,A00021S112,997
2017/5/1,501,2017,A00021S112,737
2017/5/2,502,2017,A00021S112,195
2017/5/3,503,2017,A00021S112,164
2017/5/4,504,2017,A00021S112,112
2017/5/5,505,2017,A00021S112,143
2017/5/6,506,2017,A00021S112,318
2017/5/7,507,2017,A00021S112,396
2017/5/8,508,2017,A00021S112,133
2017/5/9,509,2017,A00021S112,150
2017/5/10,510,2017,A00021S112,162
2017/5/11,511,2017,A00021S112,113
2017/5/12,512,2017,A00021S112,160
2017/5/13,513,2017,A00021S112,409
2017/5/14,514,2017,A00021S112,464
2017/5/15,515,2017,A00021S112,206
2017/5/16,516,2017,A00021S112,163
2017/5/17,517,2017,A00021S112,181
2017/5/18,518,2017,A00021S112,161
2017/5/19,519,2017,A00021S112,158
2017/5/20,520,2017,A00021S112,337
2017/5/21,521,2017,A00021S112,409
2017/5/22,522,2017,A00021S112,200
2017/5/23,523,2017,A00021S112,88
2017/5/24,524,2017,A00021S112,173
2017/5/25,525,2017,A00021S112,143
2017/5/26,526,2017,A00021S112,139
2017/5/27,527,2017,A00021S112,217
2017/5/28,528,2017,A00021S112,474
2017/5/29,529,2017,A00021S112,570
2017/5/30,530,2017,A00021S112,500
2017/5/31,531,2017,A00021S112,171
2017/6/1,601,2017,A00021S112,160
2017/6/2,602,2017,A00021S112,184
2017/6/3,603,2017,A00021S112,320
2017/6/4,604,2017,A00021S112,397
2017/6/5,605,2017,A00021S112,73
2017/6/6,606,2017,A00021S112,163
2017/6/7,607,2017,A00021S112,168
2017/6/8,608,2017,A00021S112,139
2017/6/9,609,2017,A00021S112,155
2017/6/10,610,2017,A00021S112,147
2017/6/11,611,2017,A00021S112,357
2017/6/12,612,2017,A00021S112,160
2017/6/13,613,2017,A00021S112,130
2017/6/14,614,2017,A00021S112,211
2017/6/15,615,2017,A00021S112,170
2017/6/16,616,2017,A00021S112,230
2017/6/17,617,2017,A00021S112,327
2017/6/18,618,2017,A00021S112,371
2017/6/19,619,2017,A00021S112,116
2017/6/20,620,2017,A00021S112,202
2017/6/21,621,2017,A00021S112,160
2017/6/22,622,2017,A00021S112,149
2017/6/23,623,2017,A00021S112,125
2017/6/24,624,2017,A00021S112,301
2017/6/25,625,2017,A00021S112,357
2017/6/26,626,2017,A00021S112,181
2017/6/27,627,2017,A00021S112,216
2017/6/28,628,2017,A00021S112,212
2017/6/29,629,2017,A00021S112,308
2017/6/30,630,2017,A00021S112,244
2017/7/1,701,2017,A00021S112,418
2017/7/2,702,2017,A00021S112,446
2017/7/3,703,2017,A00021S112,271
2017/7/4,704,2017,A00021S112,231
2017/7/5,705,2017,A00021S112,150
2017/7/6,706,2017,A00021S112,191
2017/7/7,707,2017,A00021S112,220
2017/7/8,708,2017,A00021S112,344
2017/7/9,709,2017,A00021S112,398
2017/7/10,710,2017,A00021S112,193
2017/7/11,711,2017,A00021S112,212
2017/7/12,712,2017,A00021S112,252
2017/7/13,713,2017,A00021S112,211
2017/7/14,714,2017,A00021S112,165
2017/7/15,715,2017,A00021S112,361
2017/7/16,716,2017,A00021S112,336
2017/7/17,717,2017,A00021S112,180
2017/7/18,718,2017,A00021S112,164
2017/7/19,719,2017,A00021S112,137
2017/7/20,720,2017,A00021S112,104
2017/7/21,721,2017,A00021S112,151
2017/7/22,722,2017,A00021S112,227
2017/7/23,723,2017,A00021S112,291
2017/7/24,724,2017,A00021S112,125
2017/7/25,725,2017,A00021S112,156
2017/7/26,726,2017,A00021S112,165
2017/7/27,727,2017,A00021S112,142
2017/7/28,728,2017,A00021S112,143
2017/7/29,729,2017,A00021S112,314
2017/7/30,730,2017,A00021S112,418
2017/7/31,731,2017,A00021S112,213
2017/8/1,801,2017,A00021S112,209
2017/8/2,802,2017,A00021S112,202
2017/8/3,803,2017,A00021S112,228
2017/8/4,804,2017,A00021S112,178
2017/8/5,805,2017,A00021S112,295
2017/8/6,806,2017,A00021S112,381
2017/8/7,807,2017,A00021S112,168
2017/8/8,808,2017,A00021S112,199
2017/8/9,809,2017,A00021S112,181
2017/8/10,810,2017,A00021S112,228
2017/8/11,811,2017,A00021S112,196
2017/8/12,812,2017,A00021S112,280
2017/8/13,813,2017,A00021S112,479
2017/8/14,814,2017,A00021S112,231
2017/8/15,815,2017,A00021S112,232
2017/8/16,816,2017,A00021S112,250
2017/8/17,817,2017,A00021S112,174
2017/8/18,818,2017,A00021S112,206
2017/8/19,819,2017,A00021S112,292
2017/8/20,820,2017,A00021S112,365
2017/8/21,821,2017,A00021S112,204
2017/8/22,822,2017,A00021S112,184
2017/8/23,823,2017,A00021S112,173
2017/8/24,824,2017,A00021S112,146
2017/8/25,825,2017,A00021S112,187
2017/8/26,826,2017,A00021S112,345
2017/8/27,827,2017,A00021S112,350
2017/8/28,828,2017,A00021S112,221
2017/8/29,829,2017,A00021S112,134
2017/8/30,830,2017,A00021S112,189
2017/8/31,831,2017,A00021S112,192
2017/9/1,901,2017,A00021S112,198
2017/9/2,902,2017,A00021S112,298
2017/9/3,903,2017,A00021S112,344
2017/9/4,904,2017,A00021S112,156
2017/9/5,905,2017,A00021S112,104
2017/9/6,906,2017,A00021S112,101
2017/9/7,907,2017,A00021S112,110
2017/9/8,908,2017,A00021S112,201
2017/9/9,909,2017,A00021S112,327
2017/9/10,910,2017,A00021S112,331
2017/9/11,911,2017,A00021S112,149
2017/9/12,912,2017,A00021S112,135
2017/9/13,913,2017,A00021S112,110
2017/9/14,914,2017,A00021S112,137
2017/9/15,915,2017,A00021S112,135
2017/9/16,916,2017,A00021S112,356
2017/9/17,917,2017,A00021S112,356
2017/9/18,918,2017,A00021S112,134
2017/9/19,919,2017,A00021S112,102
2017/9/20,920,2017,A00021S112,75
2017/9/21,921,2017,A00021S112,182
2017/9/22,922,2017,A00021S112,193
2017/9/23,923,2017,A00021S112,338
2017/9/24,924,2017,A00021S112,323
2017/9/25,925,2017,A00021S112,86
2017/9/26,926,2017,A00021S112,191
2017/9/27,927,2017,A00021S112,146
2017/9/28,928,2017,A00021S112,221
2017/9/29,929,2017,A00021S112,150
2017/9/30,930,2017,A00021S112,273
2017/10/1,1001,2017,A00021S112,717
2017/10/2,1002,2017,A00021S112,580
2017/10/3,1003,2017,A00021S112,690
2017/10/4,1004,2017,A00021S112,634
2017/10/5,1005,2017,A00021S112,481
2017/10/6,1006,2017,A00021S112,441
2017/10/8,1008,2017,A00021S112,638
2017/10/9,1009,2017,A00021S112,117
2017/10/10,1010,2017,A00021S112,117
2017/10/11,1011,2017,A00021S112,110
2017/10/12,1012,2017,A00021S112,156
2017/10/13,1013,2017,A00021S112,204
2017/10/14,1014,2017,A00021S112,373
2017/10/15,1015,2017,A00021S112,305
2017/10/16,1016,2017,A00021S112,143
2017/10/17,1017,2017,A00021S112,225
2017/10/18,1018,2017,A00021S112,197
2017/10/19,1019,2017,A00021S112,195
2017/10/20,1020,2017,A00021S112,216
2017/10/21,1021,2017,A00021S112,302
2017/10/22,1022,2017,A00021S112,396
2017/10/23,1023,2017,A00021S112,160
2017/10/24,1024,2017,A00021S112,155
2017/10/25,1025,2017,A00021S112,163
2017/10/26,1026,2017,A00021S112,155
2017/10/27,1027,2017,A00021S112,191
2017/10/28,1028,2017,A00021S112,424
2017/10/29,1029,2017,A00021S112,472
2017/10/30,1030,2017,A00021S112,154
2017/10/31,1031,2017,A00021S112,194
2017/11/1,1101,2017,A00021S112,178
2017/11/2,1102,2017,A00021S112,145
2017/11/3,1103,2017,A00021S112,148
2017/11/4,1104,2017,A00021S112,411
2017/11/5,1105,2017,A00021S112,415
2017/11/6,1106,2017,A00021S112,174
2017/11/7,1107,2017,A00021S112,112
2017/11/8,1108,2017,A00021S112,166
2017/11/9,1109,2017,A00021S112,139
2017/11/10,1110,2017,A00021S112,243
2017/11/11,1111,2017,A00021S112,605
2017/11/12,1112,2017,A00021S112,445
2017/11/13,1113,2017,A00021S112,106
2017/11/14,1114,2017,A00021S112,146
2017/11/15,1115,2017,A00021S112,159
2017/11/16,1116,2017,A00021S112,167
2017/11/17,1117,2017,A00021S112,117
2017/11/18,1118,2017,A00021S112,426
2017/11/19,1119,2017,A00021S112,464
2017/11/20,1120,2017,A00021S112,185
2017/11/21,1121,2017,A00021S112,124
2017/11/22,1122,2017,A00021S112,164
2017/11/23,1123,2017,A00021S112,186
2017/11/24,1124,2017,A00021S112,168
2017/11/25,1125,2017,A00021S112,313
2017/11/26,1126,2017,A00021S112,453
2017/11/27,1127,2017,A00021S112,137
2017/11/28,1128,2017,A00021S112,99
2017/11/29,1129,2017,A00021S112,208
2017/11/30,1130,2017,A00021S112,252
2017/12/1,1201,2017,A00021S112,150
2017/12/2,1202,2017,A00021S112,353
2017/12/3,1203,2017,A00021S112,361
2017/12/4,1204,2017,A00021S112,194
2017/12/5,1205,2017,A00021S112,164
2017/12/6,1206,2017,A00021S112,176
2017/12/7,1207,2017,A00021S112,145
2017/12/8,1208,2017,A00021S112,254
2017/12/9,1209,2017,A00021S112,451
2017/12/10,1210,2017,A00021S112,511
2017/12/11,1211,2017,A00021S112,216
2017/12/12,1212,2017,A00021S112,269
2017/12/13,1213,2017,A00021S112,161
2017/12/14,1214,2017,A00021S112,195
2017/12/15,1215,2017,A00021S112,126
2017/12/16,1216,2017,A00021S112,350
2017/12/17,1217,2017,A00021S112,515
2017/12/18,1218,2017,A00021S112,199
2017/12/19,1219,2017,A00021S112,161
2017/12/20,1220,2017,A00021S112,159
2017/12/21,1221,2017,A00021S112,183
2017/12/22,1222,2017,A00021S112,221
2017/12/23,1223,2017,A00021S112,280
2017/12/24,1224,2017,A00021S112,360
2017/12/25,1225,2017,A00021S112,193
2017/12/26,1226,2017,A00021S112,146
2017/12/27,1227,2017,A00021S112,127
2017/12/28,1228,2017,A00021S112,158
2017/12/29,1229,2017,A00021S112,313
2017/12/30,1230,2017,A00021S112,613
2017/12/31,1231,2017,A00021S112,1320
2018/1/1,101,2018,A00021S112,1536
2018/1/2,102,2018,A00021S112,156
2018/1/3,103,2018,A00021S112,107
2018/1/4,104,2018,A00021S112,66
2018/1/5,105,2018,A00021S112,185
2018/1/6,106,2018,A00021S112,332
2018/1/7,107,2018,A00021S112,283
2018/1/8,108,2018,A00021S112,178
2018/1/9,109,2018,A00021S112,201
2018/1/10,110,2018,A00021S112,200
2018/1/11,111,2018,A00021S112,219
2018/1/12,112,2018,A00021S112,161
2018/1/13,113,2018,A00021S112,399
2018/1/14,114,2018,A00021S112,515
2018/1/15,115,2018,A00021S112,202
2018/1/16,116,2018,A00021S112,143
2018/1/17,117,2018,A00021S112,165
2018/1/18,118,2018,A00021S112,94
2018/1/19,119,2018,A00021S112,156
2018/1/20,120,2018,A00021S112,363
2018/1/21,121,2018,A00021S112,448
2018/1/22,122,2018,A00021S112,222
2018/1/23,123,2018,A00021S112,188
2018/1/24,124,2018,A00021S112,182
2018/1/25,125,2018,A00021S112,130
2018/1/26,126,2018,A00021S112,234
2018/1/27,127,2018,A00021S112,307
2018/1/28,128,2018,A00021S112,446
2018/1/29,129,2018,A00021S112,286
2018/1/30,130,2018,A00021S112,198
2018/1/31,131,2018,A00021S112,269
2018/2/1,201,2018,A00021S112,276
2018/2/2,202,2018,A00021S112,219
2018/2/3,203,2018,A00021S112,489
2018/2/4,204,2018,A00021S112,679
2018/2/5,205,2018,A00021S112,229
2018/2/6,206,2018,A00021S112,315
2018/2/7,207,2018,A00021S112,296
2018/2/8,208,2018,A00021S112,321
2018/2/9,209,2018,A00021S112,312
2018/2/10,210,2018,A00021S112,563
2018/2/11,211,2018,A00021S112,446
2018/2/12,212,2018,A00021S112,338
2018/2/13,213,2018,A00021S112,305
2018/2/14,214,2018,A00021S112,355
2018/2/15,215,2018,A00021S112,87
2018/2/16,216,2018,A00021S112,194
2018/2/17,217,2018,A00021S112,221
2018/2/18,218,2018,A00021S112,130
2018/2/19,219,2018,A00021S112,119
2018/2/20,220,2018,A00021S112,155
2018/2/21,221,2018,A00021S112,285
2018/2/22,222,2018,A00021S112,187
2018/2/23,223,2018,A00021S112,225
2018/2/24,224,2018,A00021S112,141
2018/2/25,225,2018,A00021S112,245
2018/2/26,226,2018,A00021S112,162
2018/2/27,227,2018,A00021S112,117
2018/2/28,228,2018,A00021S112,94
2018/3/1,301,2018,A00021S112,139
2018/3/2,302,2018,A00021S112,173
2018/3/3,303,2018,A00021S112,395
2018/3/4,304,2018,A00021S112,376
2018/3/5,305,2018,A00021S112,144
2018/3/6,306,2018,A00021S112,165
2018/3/7,307,2018,A00021S112,117
2018/3/8,308,2018,A00021S112,184
2018/3/9,309,2018,A00021S112,179
2018/3/10,310,2018,A00021S112,405
2018/3/11,311,2018,A00021S112,483
2018/3/12,312,2018,A00021S112,221
2018/3/13,313,2018,A00021S112,220
2018/3/14,314,2018,A00021S112,166
2018/3/15,315,2018,A00021S112,181
2018/3/16,316,2018,A00021S112,211
2018/3/17,317,2018,A00021S112,401
2018/3/18,318,2018,A00021S112,330
2018/3/19,319,2018,A00021S112,116
2018/3/20,320,2018,A00021S112,118
2018/3/21,321,2018,A00021S112,142
2018/3/22,322,2018,A00021S112,209
2018/3/23,323,2018,A00021S112,260
2018/3/24,324,2018,A00021S112,470
2018/3/25,325,2018,A00021S112,671
2018/3/26,326,2018,A00021S112,256
2018/3/27,327,2018,A00021S112,266
2018/3/28,328,2018,A00021S112,289
2018/3/29,329,2018,A00021S112,225
2018/3/30,330,2018,A00021S112,263
2018/3/31,331,2018,A00021S112,552
2018/4/1,401,2018,A00021S112,585
2018/4/2,402,2018,A00021S112,236
2018/4/3,403,2018,A00021S112,232
2018/4/4,404,2018,A00021S112,209
2018/4/5,405,2018,A00021S112,518
2018/4/6,406,2018,A00021S112,712
2018/4/7,407,2018,A00021S112,350
2018/4/8,408,2018,A00021S112,232
2018/4/9,409,2018,A00021S112,197
2018/4/10,410,2018,A00021S112,177
2018/4/11,411,2018,A00021S112,248
2018/4/12,412,2018,A00021S112,158
2018/4/13,413,2018,A00021S112,157
2018/4/14,414,2018,A00021S112,346
2018/4/15,415,2018,A00021S112,572
2018/4/16,416,2018,A00021S112,238
2018/4/17,417,2018,A00021S112,255
2018/4/18,418,2018,A00021S112,219
2018/4/19,419,2018,A00021S112,249
2018/4/20,420,2018,A00021S112,221
2018/4/21,421,2018,A00021S112,356
2018/4/22,422,2018,A00021S112,502
2018/4/23,423,2018,A00021S112,95
2018/4/24,424,2018,A00021S112,153
2018/4/25,425,2018,A00021S112,202
2018/4/26,426,2018,A00021S112,173
2018/4/27,427,2018,A00021S112,212
2018/4/28,428,2018,A00021S112,264
2018/4/29,429,2018,A00021S112,729
2018/4/30,430,2018,A00021S112,992
2018/5/1,501,2018,A00021S112,965
2018/5/2,502,2018,A00021S112,303
2018/5/3,503,2018,A00021S112,236
2018/5/4,504,2018,A00021S112,206
2018/5/5,505,2018,A00021S112,304
2018/5/6,506,2018,A00021S112,460
2018/5/7,507,2018,A00021S112,210
2018/5/8,508,2018,A00021S112,235
2018/5/9,509,2018,A00021S112,184
2018/5/10,510,2018,A00021S112,277
2018/5/11,511,2018,A00021S112,205
2018/5/12,512,2018,A00021S112,402
2018/5/13,513,2018,A00021S112,622
2018/5/14,514,2018,A00021S112,257
2018/5/15,515,2018,A00021S112,229
2018/5/16,516,2018,A00021S112,224
2018/5/17,517,2018,A00021S112,297
2018/5/18,518,2018,A00021S112,228
2018/5/19,519,2018,A00021S112,370
2018/5/20,520,2018,A00021S112,444
2018/5/21,521,2018,A00021S112,300
2018/5/22,522,2018,A00021S112,115
2018/5/23,523,2018,A00021S112,168
2018/5/24,524,2018,A00021S112,187
2018/5/25,525,2018,A00021S112,158
2018/5/26,526,2018,A00021S112,328
2018/5/27,527,2018,A00021S112,442
2018/5/28,528,2018,A00021S112,215
2018/5/29,529,2018,A00021S112,173
2018/5/30,530,2018,A00021S112,168
2018/5/31,531,2018,A00021S112,173
2018/6/1,601,2018,A00021S112,216
2018/6/2,602,2018,A00021S112,331
2018/6/3,603,2018,A00021S112,356
2018/6/4,604,2018,A00021S112,158
2018/6/5,605,2018,A00021S112,144
2018/6/6,606,2018,A00021S112,207
2018/6/7,607,2018,A00021S112,157
2018/6/8,608,2018,A00021S112,166
2018/6/9,609,2018,A00021S112,262
2018/6/10,610,2018,A00021S112,390
2018/6/11,611,2018,A00021S112,223
2018/6/12,612,2018,A00021S112,198
2018/6/13,613,2018,A00021S112,148
2018/6/14,614,2018,A00021S112,219
2018/6/15,615,2018,A00021S112,208
2018/6/16,616,2018,A00021S112,363
2018/6/17,617,2018,A00021S112,608
2018/6/18,618,2018,A00021S112,598
2018/6/19,619,2018,A00021S112,184
2018/6/20,620,2018,A00021S112,134
2018/6/21,621,2018,A00021S112,174
2018/6/22,622,2018,A00021S112,122
2018/6/23,623,2018,A00021S112,314
2018/6/24,624,2018,A00021S112,290
2018/6/25,625,2018,A00021S112,210
2018/6/26,626,2018,A00021S112,218
2018/6/27,627,2018,A00021S112,182
2018/6/28,628,2018,A00021S112,149
2018/6/29,629,2018,A00021S112,306
2018/6/30,630,2018,A00021S112,469
2018/7/1,701,2018,A00021S112,411
2018/7/2,702,2018,A00021S112,279
2018/7/3,703,2018,A00021S112,213
2018/7/4,704,2018,A00021S112,176
2018/7/5,705,2018,A00021S112,206
2018/7/6,706,2018,A00021S112,259
2018/7/7,707,2018,A00021S112,353
2018/7/8,708,2018,A00021S112,486
2018/7/9,709,2018,A00021S112,222
2018/7/10,710,2018,A00021S112,223
2018/7/11,711,2018,A00021S112,272
2018/7/12,712,2018,A00021S112,227
2018/7/13,713,2018,A00021S112,212
2018/7/14,714,2018,A00021S112,363
2018/7/15,715,2018,A00021S112,418
2018/7/16,716,2018,A00021S112,226
2018/7/17,717,2018,A00021S112,210
2018/7/18,718,2018,A00021S112,246
2018/7/19,719,2018,A00021S112,206
2018/7/20,720,2018,A00021S112,235
2018/7/21,721,2018,A00021S112,291
2018/7/22,722,2018,A00021S112,311
2018/7/23,723,2018,A00021S112,237
2018/7/24,724,2018,A00021S112,218
2018/7/25,725,2018,A00021S112,175
2018/7/26,726,2018,A00021S112,184
2018/7/27,727,2018,A00021S112,204
2018/7/28,728,2018,A00021S112,286
2018/7/29,729,2018,A00021S112,302
2018/7/30,730,2018,A00021S112,186
2018/7/31,731,2018,A00021S112,203
2018/8/1,801,2018,A00021S112,196
2018/8/2,802,2018,A00021S112,196
2018/8/3,803,2018,A00021S112,140
2018/8/4,804,2018,A00021S112,294
2018/8/5,805,2018,A00021S112,321
2018/8/6,806,2018,A00021S112,200
2018/8/7,807,2018,A00021S112,127
2018/8/8,808,2018,A00021S112,174
2018/8/9,809,2018,A00021S112,131
2018/8/10,810,2018,A00021S112,239
2018/8/11,811,2018,A00021S112,372
2018/8/12,812,2018,A00021S112,361
2018/8/13,813,2018,A00021S112,210
2018/8/14,814,2018,A00021S112,252
2018/8/15,815,2018,A00021S112,243
2018/8/16,816,2018,A00021S112,199
2018/8/17,817,2018,A00021S112,233
2018/8/18,818,2018,A00021S112,411
2018/8/19,819,2018,A00021S112,523
2018/8/20,820,2018,A00021S112,253
2018/8/21,821,2018,A00021S112,271
2018/8/22,822,2018,A00021S112,261
2018/8/23,823,2018,A00021S112,183
2018/8/24,824,2018,A00021S112,201
2018/8/25,825,2018,A00021S112,335
2018/8/26,826,2018,A00021S112,432
2018/8/27,827,2018,A00021S112,229
2018/8/28,828,2018,A00021S112,245
2018/8/29,829,2018,A00021S112,223
2018/8/30,830,2018,A00021S112,179
2018/8/31,831,2018,A00021S112,197
2018/9/1,901,2018,A00021S112,327
2018/9/2,902,2018,A00021S112,333
2018/9/3,903,2018,A00021S112,107
2018/9/4,904,2018,A00021S112,149
2018/9/5,905,2018,A00021S112,148
2018/9/6,906,2018,A00021S112,125
2018/9/7,907,2018,A00021S112,188
2018/9/8,908,2018,A00021S112,336
2018/9/9,909,2018,A00021S112,416
2018/9/10,910,2018,A00021S112,166
2018/9/11,911,2018,A00021S112,158
2018/9/12,912,2018,A00021S112,152
2018/9/13,913,2018,A00021S112,140
2018/9/14,914,2018,A00021S112,131
2018/9/15,915,2018,A00021S112,290
2018/9/16,916,2018,A00021S112,331
2018/9/17,917,2018,A00021S112,128
2018/9/18,918,2018,A00021S112,160
2018/9/19,919,2018,A00021S112,142
2018/9/20,920,2018,A00021S112,121
2018/9/21,921,2018,A00021S112,179
2018/9/22,922,2018,A00021S112,527
2018/9/23,923,2018,A00021S112,778
2018/9/24,924,2018,A00021S112,724
2018/9/25,925,2018,A00021S112,252
2018/9/26,926,2018,A00021S112,240
2018/9/27,927,2018,A00021S112,223
2018/9/28,928,2018,A00021S112,216
2018/9/29,929,2018,A00021S112,283
2018/9/30,930,2018,A00021S112,385
2018/10/1,1001,2018,A00021S112,928
2018/10/2,1002,2018,A00021S112,919
2018/10/3,1003,2018,A00021S112,780
2018/10/4,1004,2018,A00021S112,686
2018/10/5,1005,2018,A00021S112,543
2018/10/6,1006,2018,A00021S112,489
2018/10/7,1007,2018,A00021S112,127
2018/10/8,1008,2018,A00021S112,539
2018/10/9,1009,2018,A00021S112,210
2018/10/10,1010,2018,A00021S112,272
2018/10/11,1011,2018,A00021S112,222
2018/10/12,1012,2018,A00021S112,218
2018/10/13,1013,2018,A00021S112,421
2018/10/14,1014,2018,A00021S112,508
2018/10/15,1015,2018,A00021S112,182
2018/10/16,1016,2018,A00021S112,207
2018/10/17,1017,2018,A00021S112,154
2018/10/18,1018,2018,A00021S112,176
2018/10/19,1019,2018,A00021S112,165
2018/10/20,1020,2018,A00021S112,333
2018/10/21,1021,2018,A00021S112,399
2018/10/22,1022,2018,A00021S112,165
2018/10/23,1023,2018,A00021S112,162
2018/10/24,1024,2018,A00021S112,141
2018/10/25,1025,2018,A00021S112,123
2018/10/26,1026,2018,A00021S112,206
2018/10/27,1027,2018,A00021S112,348
2018/10/28,1028,2018,A00021S112,375
2018/10/29,1029,2018,A00021S112,165
2018/10/30,1030,2018,A00021S112,178
2018/10/31,1031,2018,A00021S112,131
2018/11/1,1101,2018,A00021S112,170
2018/11/2,1102,2018,A00021S112,196
2018/11/3,1103,2018,A00021S112,280
2018/11/4,1104,2018,A00021S112,365
2018/11/5,1105,2018,A00021S112,96
2018/11/6,1106,2018,A00021S112,123
2018/11/7,1107,2018,A00021S112,99
2018/11/8,1108,2018,A00021S112,157
2018/11/9,1109,2018,A00021S112,200
2018/11/10,1110,2018,A00021S112,356
2018/11/11,1111,2018,A00021S112,546
2018/11/12,1112,2018,A00021S112,89
2018/11/13,1113,2018,A00021S112,112
2018/11/14,1114,2018,A00021S112,110
2018/11/15,1115,2018,A00021S112,83
2018/11/16,1116,2018,A00021S112,126
2018/11/17,1117,2018,A00021S112,345
2018/11/18,1118,2018,A00021S112,189
2018/11/19,1119,2018,A00021S112,127
2018/11/20,1120,2018,A00021S112,113
2018/11/21,1121,2018,A00021S112,94
2018/11/22,1122,2018,A00021S112,137
2018/11/23,1123,2018,A00021S112,140
2018/11/24,1124,2018,A00021S112,280
2018/11/25,1125,2018,A00021S112,314
2018/11/26,1126,2018,A00021S112,120
2018/11/27,1127,2018,A00021S112,131
2018/11/28,1128,2018,A00021S112,140
2018/11/29,1129,2018,A00021S112,109
2018/11/30,1130,2018,A00021S112,96
2018/12/1,1201,2018,A00021S112,245
2018/12/2,1202,2018,A00021S112,212
2018/12/3,1203,2018,A00021S112,95
2018/12/4,1204,2018,A00021S112,114
2018/12/5,1205,2018,A00021S112,160
2018/12/6,1206,2018,A00021S112,74
2018/12/7,1207,2018,A00021S112,111
2018/12/8,1208,2018,A00021S112,326
2018/12/9,1209,2018,A00021S112,418
2018/12/10,1210,2018,A00021S112,118
2018/12/11,1211,2018,A00021S112,141
2018/12/12,1212,2018,A00021S112,221
2018/12/13,1213,2018,A00021S112,180
2018/12/14,1214,2018,A00021S112,177
2018/12/15,1215,2018,A00021S112,273
2018/12/16,1216,2018,A00021S112,453
2018/12/17,1217,2018,A00021S112,184
2018/12/18,1218,2018,A00021S112,153
2018/12/19,1219,2018,A00021S112,106
2018/12/20,1220,2018,A00021S112,128
2018/12/21,1221,2018,A00021S112,222
2018/12/22,1222,2018,A00021S112,314
2018/12/23,1223,2018,A00021S112,610
2018/12/24,1224,2018,A00021S112,305
2018/12/25,1225,2018,A00021S112,279
2018/12/26,1226,2018,A00021S112,139
2018/12/27,1227,2018,A00021S112,213
2018/12/28,1228,2018,A00021S112,281
2018/12/29,1229,2018,A00021S112,405
2018/12/30,1230,2018,A00021S112,765
2018/12/31,1231,2018,A00021S112,981
2019/1/1,101,2019,A00021S112,1221
2019/1/2,102,2019,A00021S112,140
2019/1/3,103,2019,A00021S112,135
2019/1/4,104,2019,A00021S112,79
2019/1/5,105,2019,A00021S112,152
2019/1/6,106,2019,A00021S112,316
2019/1/7,107,2019,A00021S112,81
2019/1/8,108,2019,A00021S112,155
2019/1/9,109,2019,A00021S112,95
2019/1/10,110,2019,A00021S112,170
2019/1/11,111,2019,A00021S112,152
2019/1/12,112,2019,A00021S112,454
2019/1/13,113,2019,A00021S112,563
2019/1/14,114,2019,A00021S112,275
2019/1/15,115,2019,A00021S112,211
2019/1/16,116,2019,A00021S112,248
2019/1/17,117,2019,A00021S112,214
2019/1/18,118,2019,A00021S112,235
2019/1/19,119,2019,A00021S112,416
2019/1/20,120,2019,A00021S112,695
2019/1/21,121,2019,A00021S112,261
2019/1/22,122,2019,A00021S112,276
2019/1/23,123,2019,A00021S112,251
2019/1/24,124,2019,A00021S112,208
2019/1/25,125,2019,A00021S112,272
2019/1/26,126,2019,A00021S112,508
2019/1/27,127,2019,A00021S112,701
2019/1/28,128,2019,A00021S112,236
2019/1/29,129,2019,A00021S112,313
2019/1/30,130,2019,A00021S112,314
2019/1/31,131,2019,A00021S112,308
2019/2/1,201,2019,A00021S112,375
2019/2/2,202,2019,A00021S112,319
2019/2/3,203,2019,A00021S112,239
2019/2/4,204,2019,A00021S112,165
2019/2/5,205,2019,A00021S112,158
2019/2/6,206,2019,A00021S112,168
2019/2/7,207,2019,A00021S112,137
2019/2/8,208,2019,A00021S112,111
2019/2/9,209,2019,A00021S112,110
2019/2/10,210,2019,A00021S112,107
2019/2/11,211,2019,A00021S112,140
2019/2/12,212,2019,A00021S112,55
2019/2/13,213,2019,A00021S112,64
2019/2/14,214,2019,A00021S112,99
2019/2/15,215,2019,A00021S112,33
2019/2/16,216,2019,A00021S112,131
2019/2/17,217,2019,A00021S112,170
2019/2/18,218,2019,A00021S112,38
2019/2/19,219,2019,A00021S112,90
2019/2/20,220,2019,A00021S112,39
2019/2/21,221,2019,A00021S112,58
2019/2/22,222,2019,A00021S112,43
2019/2/23,223,2019,A00021S112,157
2019/2/24,224,2019,A00021S112,175
2019/2/25,225,2019,A00021S112,67
2019/2/26,226,2019,A00021S112,55
2019/2/27,227,2019,A00021S112,53
2019/2/28,228,2019,A00021S112,100
2019/3/1,301,2019,A00021S112,72
2019/3/2,302,2019,A00021S112,116
2019/3/3,303,2019,A00021S112,182
2019/3/4,304,2019,A00021S112,72
2019/3/5,305,2019,A00021S112,75
2019/3/6,306,2019,A00021S112,104
2019/3/7,307,2019,A00021S112,95
2019/3/8,308,2019,A00021S112,175
2019/3/9,309,2019,A00021S112,224
2019/3/10,310,2019,A00021S112,227
2019/3/11,311,2019,A00021S112,121
2019/3/12,312,2019,A00021S112,130
2019/3/13,313,2019,A00021S112,116
2019/3/14,314,2019,A00021S112,134
2019/3/15,315,2019,A00021S112,161
2019/3/16,316,2019,A00021S112,324
2019/3/17,317,2019,A00021S112,400
2019/3/18,318,2019,A00021S112,130
2019/3/19,319,2019,A00021S112,159
2019/3/20,320,2019,A00021S112,138
2019/3/21,321,2019,A00021S112,87
2019/3/22,322,2019,A00021S112,137
2019/3/23,323,2019,A00021S112,249
2019/3/24,324,2019,A00021S112,393
2019/3/25,325,2019,A00021S112,174
2019/3/26,326,2019,A00021S112,247
2019/3/27,327,2019,A00021S112,117
2019/3/28,328,2019,A00021S112,124
2019/3/29,329,2019,A00021S112,193
2019/3/30,330,2019,A00021S112,292
2019/3/31,331,2019,A00021S112,343
2019/4/1,401,2019,A00021S112,141
2019/4/2,402,2019,A00021S112,112
2019/4/3,403,2019,A00021S112,149
2019/4/4,404,2019,A00021S112,86
2019/4/5,405,2019,A00021S112,517
2019/4/6,406,2019,A00021S112,539
2019/4/7,407,2019,A00021S112,402
2019/4/8,408,2019,A00021S112,190
2019/4/9,409,2019,A00021S112,99
2019/4/10,410,2019,A00021S112,80
2019/4/11,411,2019,A00021S112,96
2019/4/12,412,2019,A00021S112,146
2019/4/13,413,2019,A00021S112,300
2019/4/14,414,2019,A00021S112,405
2019/4/15,415,2019,A00021S112,129
2019/4/16,416,2019,A00021S112,139
2019/4/17,417,2019,A00021S112,153
2019/4/18,418,2019,A00021S112,149
2019/4/19,419,2019,A00021S112,79
2019/4/20,420,2019,A00021S112,244
2019/4/21,421,2019,A00021S112,266
2019/4/22,422,2019,A00021S112,130
2019/4/23,423,2019,A00021S112,151
2019/4/24,424,2019,A00021S112,105
2019/4/25,425,2019,A00021S112,155
2019/4/26,426,2019,A00021S112,102
2019/4/27,427,2019,A00021S112,221
2019/4/28,428,2019,A00021S112,107
2019/4/29,429,2019,A00021S112,63
2019/4/30,430,2019,A00021S112,155
2019/5/1,501,2019,A00021S112,650
2019/5/2,502,2019,A00021S112,530
2019/5/3,503,2019,A00021S112,402
2019/5/4,504,2019,A00021S112,290
2019/5/5,505,2019,A00021S112,163
2019/5/6,506,2019,A00021S112,102
2019/5/7,507,2019,A00021S112,120
2019/5/8,508,2019,A00021S112,96
2019/5/9,509,2019,A00021S112,94
2019/5/10,510,2019,A00021S112,112
2019/5/11,511,2019,A00021S112,246
2019/5/12,512,2019,A00021S112,292
2019/5/13,513,2019,A00021S112,98
2019/5/14,514,2019,A00021S112,76
2019/5/15,515,2019,A00021S112,82
2019/5/16,516,2019,A00021S112,103
2019/5/17,517,2019,A00021S112,117
2019/5/18,518,2019,A00021S112,244
2019/5/19,519,2019,A00021S112,294
2019/5/20,520,2019,A00021S112,166
2019/5/21,521,2019,A00021S112,102
2019/5/22,522,2019,A00021S112,109
2019/5/23,523,2019,A00021S112,118
2019/5/24,524,2019,A00021S112,152
2019/5/25,525,2019,A00021S112,199
2019/5/26,526,2019,A00021S112,168
2019/5/27,527,2019,A00021S112,98
2019/5/28,528,2019,A00021S112,117
2019/5/29,529,2019,A00021S112,80
2019/5/30,530,2019,A00021S112,76
2019/5/31,531,2019,A00021S112,103
2019/6/1,601,2019,A00021S112,177
2019/6/2,602,2019,A00021S112,279
2019/6/3,603,2019,A00021S112,80
2019/6/4,604,2019,A00021S112,83
2019/6/5,605,2019,A00021S112,103
2019/6/6,606,2019,A00021S112,148
2019/6/7,607,2019,A00021S112,436
2019/6/8,608,2019,A00021S112,281
2019/6/9,609,2019,A00021S112,197
2019/6/10,610,2019,A00021S112,126
2019/6/11,611,2019,A00021S112,132
2019/6/12,612,2019,A00021S112,107
2019/6/13,613,2019,A00021S112,105
2019/6/14,614,2019,A00021S112,93
2019/6/15,615,2019,A00021S112,249
2019/6/16,616,2019,A00021S112,218
2019/6/17,617,2019,A00021S112,141
2019/6/18,618,2019,A00021S112,130
2019/6/19,619,2019,A00021S112,94
2019/6/20,620,2019,A00021S112,45
2019/6/21,621,2019,A00021S112,72
2019/6/22,622,2019,A00021S112,252
2019/6/23,623,2019,A00021S112,230
2019/6/24,624,2019,A00021S112,112
2019/6/25,625,2019,A00021S112,175
2019/6/26,626,2019,A00021S112,154
2019/6/27,627,2019,A00021S112,140
2019/6/28,628,2019,A00021S112,128
2019/6/29,629,2019,A00021S112,164
2019/6/30,630,2019,A00021S112,272
2019/7/1,701,2019,A00021S112,147
2019/7/2,702,2019,A00021S112,179
2019/7/3,703,2019,A00021S112,208
2019/7/4,704,2019,A00021S112,186
2019/7/5,705,2019,A00021S112,148
2019/7/6,706,2019,A00021S112,387
2019/7/7,707,2019,A00021S112,384
2019/7/8,708,2019,A00021S112,218
2019/7/9,709,2019,A00021S112,107
2019/7/10,710,2019,A00021S112,153
2019/7/11,711,2019,A00021S112,148
2019/7/12,712,2019,A00021S112,71
2019/7/13,713,2019,A00021S112,163
2019/7/14,714,2019,A00021S112,259
2019/7/15,715,2019,A00021S112,129
2019/7/16,716,2019,A00021S112,106
2019/7/17,717,2019,A00021S112,116
2019/7/18,718,2019,A00021S112,120
2019/7/19,719,2019,A00021S112,122
2019/7/20,720,2019,A00021S112,207
2019/7/21,721,2019,A00021S112,269
2019/7/22,722,2019,A00021S112,105
2019/7/23,723,2019,A00021S112,107
2019/7/24,724,2019,A00021S112,103
2019/7/25,725,2019,A00021S112,85
2019/7/26,726,2019,A00021S112,107
2019/7/27,727,2019,A00021S112,159
2019/7/28,728,2019,A00021S112,242
2019/7/29,729,2019,A00021S112,107
2019/7/30,730,2019,A00021S112,86
